"Date","Positive.reviews","Negative.reviews","Players","Average.Players"
"2025-11-14",281,-325,86652,63535
"2025-11-15",170,-240,94245,78832
"2025-11-16",84,-128,100332,80307
"2025-11-17",123,-179,80989,60521
"2025-11-18",40,-69,73584,56189
"2025-11-19",36,-77,69912,54704
"2025-11-20",33,-84,72886,54863
"2025-11-21",32,-65,79062,58068
"2025-11-22",25,-35,86004,71030
"2025-11-23",30,-79,91834,73382
"2025-11-24",15,-32,73302,55581
"2025-11-25",36,-47,65834,50832
"2025-11-26",20,-25,71800,52585
"2025-11-27",6,-27,69882,55042
"2025-11-28",23,-25,73142,54684
"2025-11-29",22,-25,78888,63102
"2025-11-30",11,-19,83568,65379
"2025-12-01",24,-26,67936,50412
"2025-12-02",7,-14,58255,44306
"2025-12-03",15,-18,56260,43212
"2025-12-04",13,-10,54649,40962
"2025-12-05",12,-27,62229,49329
"2025-12-06",5,-7,69504,58130
"2025-12-07",12,-21,73947,60058
"2025-12-08",17,-21,60556,47361
"2025-12-09",4,-12,55604,44501
"2025-12-10",9,-8,51365,39875
"2025-12-11",11,-17,53047,39965
"2025-12-12",10,-15,54246,43581
"2025-12-13",4,-9,61885,51178
"2025-12-14",8,-13,65799,52918
"2025-12-15",14,-16,52037,40268
"2025-12-16",7,-11,50059,36909
"2025-12-17",18,-27,52144,42298
"2025-12-18",12,-21,51488,41916
"2025-12-19",3,-4,54410,42611
"2025-12-20",10,-30,58367,48866
"2025-12-21",17,-21,62945,50637
"2025-12-22",11,-10,51767,40536
"2025-12-23",3,-5,47525,37513
"2025-12-24",6,-11,43569,36533
"2025-12-25",8,-4,51017,37028
"2025-12-26",11,-10,53364,41790
"2025-12-27",8,-3,56751,45708
"2025-12-28",9,-8,60216,47528
"2025-12-29",9,-8,52582,41399
"2025-12-30",1,-19,51717,40394
"2025-12-31",7,-15,47994,38330
"2026-01-01",7,-6,56443,40080
"2026-01-02",7,-10,52632,42583
"2026-01-03",4,-15,53822,42359
"2026-01-04",6,-15,55830,42602
"2026-01-05",4,-13,45134,33936
"2026-01-06",2,-7,41416,32486
"2026-01-07",1,-7,39717,31323
"2026-01-08",3,-3,39015,30191
"2026-01-09",8,-7,45595,34666
"2026-01-10",4,-6,52863,41345
"2026-01-11",1,-8,52238,42610
"2026-01-12",NA,-11,42652,31946
"2026-01-13",3,-7,38811,29747
"2026-01-14",3,-6,38974,29791
"2026-01-15",1,-3,43896,30691
"2026-01-16",9,-6,46887,36414
"2026-01-17",NA,-10,54900,43325
"2026-01-18",3,-5,58767,45659
"2026-01-19",2,-3,48850,36995
"2026-01-20",2,-6,44396,34361
"2026-01-21",NA,-7,40376,30908
"2026-01-22",1,-4,39825,29744
"2026-01-23",2,-5,43569,31988
"2026-01-24",NA,-5,52257,39107
"2026-01-25",2,-5,57899,41866
"2026-01-26",3,-3,45045,33180
"2026-01-27",NA,-12,41531,30258
"2026-01-28",2,-7,39083,28978
"2026-01-29",1,-5,38625,29031
"2026-01-30",8,-7,42790,30875
"2026-01-31",4,-1,48028,36916
"2026-02-01",7,NA,51869,38984
"2026-02-02",4,-4,41941,29723
"2026-02-03",3,-2,38659,28585
"2026-02-04",4,-1,38019,28399
"2026-02-05",4,-5,47139,30321
"2026-02-06",9,-5,53292,39722
"2026-02-07",4,-13,61545,47258
"2026-02-08",7,-9,66206,49460
"2026-02-09",3,-2,47140,36219
"2026-02-10",3,-9,44484,32896
"2026-02-11",7,-8,42724,32293
"2026-02-12",3,-4,43980,32312
"2026-02-13",4,-7,47346,35058
"2026-02-14",3,-8,50527,40121
"2026-02-15",6,-3,59152,42440
"2026-02-16",2,-6,51033,36725
"2026-02-17",3,-4,46451,34430
"2026-02-18",3,-7,44065,32723
"2026-02-19",5,-6,46698,33329
"2026-02-20",NA,-1,48728,35405
"2026-02-21",NA,-5,56394,42695
"2026-02-22",1,-4,62360,45405
"2026-02-23",3,-5,50302,36057
"2026-02-24",1,-3,44513,31958
"2026-02-25",3,-9,42316,30548
"2026-02-26",1,-1,41701,30665
"2026-02-27",NA,-2,42918,31127
"2026-02-28",NA,-1,47957,36489
"2026-03-01",1,-1,52945,38833
"2026-03-02",NA,-5,42567,29352
"2026-03-03",NA,-4,40134,28514
"2026-03-04",2,-2,38385,28046
"2026-03-05",1,NA,38682,27962
"2026-03-06",4,-2,41291,29863
"2026-03-07",NA,-2,47849,36925
"2026-03-08",1,-3,52745,39126
"2026-03-09",NA,-1,43820,29893
"2026-03-10",3,NA,38995,26544
"2026-03-11",NA,-4,38141,25550
"2026-03-11",NA,-4,38113,NA
"2026-03-11",NA,-4,37392,NA
"2026-03-11",NA,-4,33984,NA
"2026-03-11",NA,-4,28726,NA
"2026-03-11",NA,-4,23624,NA
"2026-03-11",NA,-4,18942,NA
"2026-03-11",NA,-4,15812,NA
"2026-03-11",NA,-4,14038,NA
"2026-03-11",NA,-4,14200,NA
"2026-03-11",NA,-4,15420,NA
"2026-03-11",NA,-4,17848,NA
"2026-03-11",NA,-4,21214,NA
"2026-03-11",NA,-4,24265,NA
"2026-03-11",NA,-4,25587,NA
"2026-03-11",NA,-4,26589,NA
"2026-03-11",NA,-4,26592,NA
"2026-03-11",NA,-4,23974,NA
"2026-03-11",NA,-4,29232,NA
"2026-03-11",NA,-4,33011,NA
"2026-03-11",NA,-4,33685,NA
"2026-03-11",NA,-4,33845,NA
"2026-03-11",NA,-4,34310,NA
"2026-03-11",NA,-4,35898,NA
"2026-03-12",4,NA,37109,29763
"2026-03-12",4,NA,37419,NA
"2026-03-12",4,NA,36927,NA
"2026-03-12",4,NA,34363,NA
"2026-03-12",4,NA,30176,NA
"2026-03-12",4,NA,25510,NA
"2026-03-12",4,NA,21354,NA
"2026-03-12",4,NA,18176,NA
"2026-03-12",4,NA,16702,NA
"2026-03-12",4,NA,16496,NA
"2026-03-12",4,NA,17982,NA
"2026-03-12",4,NA,20355,NA
"2026-03-12",4,NA,23842,NA
"2026-03-12",4,NA,27036,NA
"2026-03-12",4,NA,28648,NA
"2026-03-12",4,NA,29540,NA
"2026-03-12",4,NA,32290,NA
"2026-03-12",4,NA,35928,NA
"2026-03-12",4,NA,39069,NA
"2026-03-12",4,NA,41741,NA
"2026-03-12",4,NA,42552,NA
"2026-03-12",4,NA,42237,NA
"2026-03-12",4,NA,41237,NA
"2026-03-12",4,NA,41534,NA
"2026-03-13",3,-4,43184,35418
"2026-03-13",3,-4,43263,NA
"2026-03-13",3,-4,42931,NA
"2026-03-13",3,-4,40707,NA
"2026-03-13",3,-4,38156,NA
"2026-03-13",3,-4,33827,NA
"2026-03-13",3,-4,27052,NA
"2026-03-13",3,-4,22551,NA
"2026-03-13",3,-4,20513,NA
"2026-03-13",3,-4,20461,NA
"2026-03-13",3,-4,22272,NA
"2026-03-13",3,-4,25424,NA
"2026-03-13",3,-4,29788,NA
"2026-03-13",3,-4,33762,NA
"2026-03-13",3,-4,35913,NA
"2026-03-13",3,-4,37018,NA
"2026-03-13",3,-4,38634,NA
"2026-03-13",3,-4,40595,NA
"2026-03-13",3,-4,42670,NA
"2026-03-13",3,-4,45791,NA
"2026-03-13",3,-4,48092,NA
"2026-03-13",3,-4,48851,NA
"2026-03-13",3,-4,48026,NA
"2026-03-13",3,-4,47395,NA
"2026-03-14",3,-6,48588,40455
"2026-03-14",3,-6,50474,NA
"2026-03-14",3,-6,50654,NA
"2026-03-14",3,-6,49746,NA
"2026-03-14",3,-6,45232,NA
"2026-03-14",3,-6,39530,NA
"2026-03-14",3,-6,33734,NA
"2026-03-14",3,-6,28778,NA
"2026-03-14",3,-6,25497,NA
"2026-03-14",3,-6,24798,NA
"2026-03-14",3,-6,26361,NA
"2026-03-14",3,-6,29383,NA
"2026-03-14",3,-6,34083,NA
"2026-03-14",3,-6,38535,NA
"2026-03-14",3,-6,41190,NA
"2026-03-14",3,-6,42707,NA
"2026-03-14",3,-6,44268,NA
"2026-03-14",3,-6,45642,NA
"2026-03-14",3,-6,47705,NA
"2026-03-14",3,-6,49767,NA
"2026-03-14",3,-6,51209,NA
"2026-03-14",3,-6,51288,NA
"2026-03-14",3,-6,50587,NA
"2026-03-14",3,-6,48859,NA
"2026-03-15",1,-1,47225,42458
"2026-03-15",1,-1,48523,NA
"2026-03-15",1,-1,48901,NA
"2026-03-15",1,-1,48522,NA
"2026-03-15",1,-1,44592,NA
"2026-03-15",1,-1,39789,NA
"2026-03-15",1,-1,34580,NA
"2026-03-15",1,-1,29638,NA
"2026-03-15",1,-1,26759,NA
"2026-03-15",1,-1,26874,NA
"2026-03-15",1,-1,28301,NA
"2026-03-15",1,-1,31584,NA
"2026-03-15",1,-1,36340,NA
"2026-03-15",1,-1,40943,NA
"2026-03-15",1,-1,43770,NA
"2026-03-15",1,-1,45414,NA
"2026-03-15",1,-1,48445,NA
"2026-03-15",1,-1,51955,NA
"2026-03-15",1,-1,54725,NA
"2026-03-15",1,-1,56568,NA
"2026-03-15",1,-1,56669,NA
"2026-03-15",1,-1,55348,NA
"2026-03-15",1,-1,52327,NA
"2026-03-15",1,-1,49350,NA
"2026-03-16",4,-5,48121,31759
"2026-03-16",4,-5,47150,NA
"2026-03-16",4,-5,44981,NA
"2026-03-16",4,-5,40397,NA
"2026-03-16",4,-5,34419,NA
"2026-03-16",4,-5,28777,NA
"2026-03-16",4,-5,23168,NA
"2026-03-16",4,-5,19670,NA
"2026-03-16",4,-5,17289,NA
"2026-03-16",4,-5,17214,NA
"2026-03-16",4,-5,18526,NA
"2026-03-16",4,-5,21233,NA
"2026-03-16",4,-5,25024,NA
"2026-03-16",4,-5,27984,NA
"2026-03-16",4,-5,28953,NA
"2026-03-16",4,-5,29885,NA
"2026-03-16",4,-5,32947,NA
"2026-03-16",4,-5,36091,NA
"2026-03-16",4,-5,38919,NA
"2026-03-16",4,-5,41883,NA
"2026-03-16",4,-5,42391,NA
"2026-03-16",4,-5,42055,NA
"2026-03-16",4,-5,40996,NA
"2026-03-16",4,-5,41549,NA
"2026-03-17",NA,-3,43051,28443
"2026-03-17",NA,-3,43078,NA
"2026-03-17",NA,-3,41024,NA
"2026-03-17",NA,-3,37044,NA
"2026-03-17",NA,-3,31050,NA
"2026-03-17",NA,-3,25615,NA
"2026-03-17",NA,-3,20383,NA
"2026-03-17",NA,-3,17183,NA
"2026-03-17",NA,-3,15423,NA
"2026-03-17",NA,-3,15259,NA
"2026-03-17",NA,-3,16395,NA
"2026-03-17",NA,-3,18751,NA
"2026-03-17",NA,-3,22005,NA
"2026-03-17",NA,-3,24674,NA
"2026-03-17",NA,-3,26340,NA
"2026-03-17",NA,-3,26901,NA
"2026-03-17",NA,-3,28970,NA
"2026-03-17",NA,-3,33064,NA
"2026-03-17",NA,-3,36318,NA
"2026-03-17",NA,-3,38259,NA
"2026-03-17",NA,-3,37966,NA
"2026-03-17",NA,-3,37651,NA
"2026-03-17",NA,-3,37134,NA
"2026-03-17",NA,-3,39631,NA
"2026-03-18",NA,-2,40882,28851
"2026-03-18",NA,-2,40972,NA
"2026-03-18",NA,-2,39911,NA
"2026-03-18",NA,-2,36337,NA
"2026-03-18",NA,-2,31352,NA
"2026-03-18",NA,-2,26407,NA
"2026-03-18",NA,-2,21513,NA
"2026-03-18",NA,-2,18066,NA
"2026-03-18",NA,-2,16694,NA
"2026-03-18",NA,-2,16404,NA
"2026-03-18",NA,-2,17946,NA
"2026-03-18",NA,-2,20479,NA
"2026-03-18",NA,-2,24102,NA
"2026-03-18",NA,-2,26867,NA
"2026-03-18",NA,-2,28003,NA
"2026-03-18",NA,-2,28030,NA
"2026-03-18",NA,-2,29555,NA
"2026-03-18",NA,-2,31815,NA
"2026-03-18",NA,-2,34194,NA
"2026-03-18",NA,-2,36487,NA
"2026-03-18",NA,-2,37345,NA
"2026-03-18",NA,-2,37275,NA
"2026-03-18",NA,-2,37554,NA
"2026-03-18",NA,-2,38378,NA
"2026-03-19",NA,-1,40151,28009
"2026-03-19",NA,-1,40198,NA
"2026-03-19",NA,-1,39684,NA
"2026-03-19",NA,-1,36563,NA
"2026-03-19",NA,-1,31085,NA
"2026-03-19",NA,-1,25753,NA
"2026-03-19",NA,-1,21106,NA
"2026-03-19",NA,-1,17794,NA
"2026-03-19",NA,-1,15835,NA
"2026-03-19",NA,-1,15843,NA
"2026-03-19",NA,-1,17007,NA
"2026-03-19",NA,-1,19206,NA
"2026-03-19",NA,-1,22300,NA
"2026-03-19",NA,-1,25155,NA
"2026-03-19",NA,-1,26522,NA
"2026-03-19",NA,-1,26492,NA
"2026-03-19",NA,-1,28458,NA
"2026-03-19",NA,-1,31423,NA
"2026-03-19",NA,-1,34019,NA
"2026-03-19",NA,-1,36058,NA
"2026-03-19",NA,-1,36861,NA
"2026-03-19",NA,-1,36613,NA
"2026-03-19",NA,-1,35657,NA
"2026-03-19",NA,-1,36287,NA
"2026-03-20",3,-6,37934,28401
"2026-03-20",3,-6,37955,NA
"2026-03-20",3,-6,36912,NA
"2026-03-20",3,-6,34155,NA
"2026-03-20",3,-6,29358,NA
"2026-03-20",3,-6,25195,NA
"2026-03-20",3,-6,20785,NA
"2026-03-20",3,-6,17762,NA
"2026-03-20",3,-6,16351,NA
"2026-03-20",3,-6,16504,NA
"2026-03-20",3,-6,17661,NA
"2026-03-20",3,-6,20046,NA
"2026-03-20",3,-6,23633,NA
"2026-03-20",3,-6,26490,NA
"2026-03-20",3,-6,28346,NA
"2026-03-20",3,-6,28908,NA
"2026-03-20",3,-6,30050,NA
"2026-03-20",3,-6,31505,NA
"2026-03-20",3,-6,33785,NA
"2026-03-20",3,-6,36325,NA
"2026-03-20",3,-6,37985,NA
"2026-03-20",3,-6,38762,NA
"2026-03-20",3,-6,38803,NA
"2026-03-20",3,-6,38408,NA
"2026-03-21",2,-18,39298,34373
"2026-03-21",2,-18,40946,NA
"2026-03-21",2,-18,41230,NA
"2026-03-21",2,-18,40743,NA
"2026-03-21",2,-18,37672,NA
"2026-03-21",2,-18,32859,NA
"2026-03-21",2,-18,28161,NA
"2026-03-21",2,-18,24628,NA
"2026-03-21",2,-18,22609,NA
"2026-03-21",2,-18,21894,NA
"2026-03-21",2,-18,23132,NA
"2026-03-21",2,-18,25500,NA
"2026-03-21",2,-18,29142,NA
"2026-03-21",2,-18,31634,NA
"2026-03-21",2,-18,34479,NA
"2026-03-21",2,-18,36230,NA
"2026-03-21",2,-18,37528,NA
"2026-03-21",2,-18,40367,NA
"2026-03-21",2,-18,42150,NA
"2026-03-21",2,-18,43960,NA
"2026-03-21",2,-18,45157,NA
"2026-03-21",2,-18,45010,NA
"2026-03-21",2,-18,43191,NA
"2026-03-21",2,-18,41472,NA
"2026-03-22",3,-7,40442,37693
"2026-03-22",3,-7,41899,NA
"2026-03-22",3,-7,42805,NA
"2026-03-22",3,-7,42705,NA
"2026-03-22",3,-7,39781,NA
"2026-03-22",3,-7,35493,NA
"2026-03-22",3,-7,30982,NA
"2026-03-22",3,-7,27050,NA
"2026-03-22",3,-7,25083,NA
"2026-03-22",3,-7,24443,NA
"2026-03-22",3,-7,26393,NA
"2026-03-22",3,-7,29120,NA
"2026-03-22",3,-7,33425,NA
"2026-03-22",3,-7,37320,NA
"2026-03-22",3,-7,39708,NA
"2026-03-22",3,-7,41095,NA
"2026-03-22",3,-7,43160,NA
"2026-03-22",3,-7,46108,NA
"2026-03-22",3,-7,48608,NA
"2026-03-22",3,-7,50325,NA
"2026-03-22",3,-7,50206,NA
"2026-03-22",3,-7,48083,NA
"2026-03-22",3,-7,44223,NA
"2026-03-22",3,-7,42420,NA
"2026-03-23",5,-10,40594,28719
"2026-03-23",5,-10,40189,NA
"2026-03-23",5,-10,38361,NA
"2026-03-23",5,-10,34474,NA
"2026-03-23",5,-10,29296,NA
"2026-03-23",5,-10,24889,NA
"2026-03-23",5,-10,20139,NA
"2026-03-23",5,-10,17386,NA
"2026-03-23",5,-10,16316,NA
"2026-03-23",5,-10,16719,NA
"2026-03-23",5,-10,17977,NA
"2026-03-23",5,-10,20482,NA
"2026-03-23",5,-10,24065,NA
"2026-03-23",5,-10,26981,NA
"2026-03-23",5,-10,28239,NA
"2026-03-23",5,-10,28004,NA
"2026-03-23",5,-10,29900,NA
"2026-03-23",5,-10,33351,NA
"2026-03-23",5,-10,36071,NA
"2026-03-23",5,-10,38734,NA
"2026-03-23",5,-10,38900,NA
"2026-03-23",5,-10,38350,NA
"2026-03-23",5,-10,36623,NA
"2026-03-23",5,-10,37460,NA
"2026-03-24",7,-5,38767,28350
"2026-03-24",7,-5,38736,NA
"2026-03-24",7,-5,37515,NA
"2026-03-24",7,-5,34124,NA
"2026-03-24",7,-5,29097,NA
"2026-03-24",7,-5,24433,NA
"2026-03-24",7,-5,20075,NA
"2026-03-24",7,-5,17414,NA
"2026-03-24",7,-5,16333,NA
"2026-03-24",7,-5,16835,NA
"2026-03-24",7,-5,18064,NA
"2026-03-24",7,-5,20440,NA
"2026-03-24",7,-5,23888,NA
"2026-03-24",7,-5,26949,NA
"2026-03-24",7,-5,28058,NA
"2026-03-24",7,-5,27940,NA
"2026-03-24",7,-5,29874,NA
"2026-03-24",7,-5,32632,NA
"2026-03-24",7,-5,35516,NA
"2026-03-24",7,-5,37801,NA
"2026-03-24",7,-5,38181,NA
"2026-03-24",7,-5,37371,NA
"2026-03-24",7,-5,36175,NA
"2026-03-24",7,-5,37204,NA
"2026-03-25",2,-7,38656,28425
"2026-03-25",2,-7,38818,NA
"2026-03-25",2,-7,37784,NA
"2026-03-25",2,-7,34226,NA
"2026-03-25",2,-7,28863,NA
"2026-03-25",2,-7,24465,NA
"2026-03-25",2,-7,20089,NA
"2026-03-25",2,-7,17507,NA
"2026-03-25",2,-7,16369,NA
"2026-03-25",2,-7,16877,NA
"2026-03-25",2,-7,18350,NA
"2026-03-25",2,-7,21299,NA
"2026-03-25",2,-7,24971,NA
"2026-03-25",2,-7,27680,NA
"2026-03-25",2,-7,28977,NA
"2026-03-25",2,-7,28892,NA
"2026-03-25",2,-7,30536,NA
"2026-03-25",2,-7,33425,NA
"2026-03-25",2,-7,35590,NA
"2026-03-25",2,-7,36763,NA
"2026-03-25",2,-7,37051,NA
"2026-03-25",2,-7,36412,NA
"2026-03-25",2,-7,35228,NA
"2026-03-25",2,-7,36014,NA
"2026-03-26",5,-11,37459,27789
"2026-03-26",5,-11,37561,NA
"2026-03-26",5,-11,36861,NA
"2026-03-26",5,-11,33153,NA
"2026-03-26",5,-11,27513,NA
"2026-03-26",5,-11,23047,NA
"2026-03-26",5,-11,19076,NA
"2026-03-26",5,-11,16421,NA
"2026-03-26",5,-11,15525,NA
"2026-03-26",5,-11,16053,NA
"2026-03-26",5,-11,17391,NA
"2026-03-26",5,-11,19819,NA
"2026-03-26",5,-11,23209,NA
"2026-03-26",5,-11,26253,NA
"2026-03-26",5,-11,27562,NA
"2026-03-26",5,-11,27711,NA
"2026-03-26",5,-11,29351,NA
"2026-03-26",5,-11,34382,NA
"2026-03-26",5,-11,37007,NA
"2026-03-26",5,-11,38621,NA
"2026-03-26",5,-11,38605,NA
"2026-03-26",5,-11,37767,NA
"2026-03-26",5,-11,35838,NA
"2026-03-26",5,-11,37334,NA
"2026-03-27",3,-6,38799,31058
"2026-03-27",3,-6,38867,NA
"2026-03-27",3,-6,38304,NA
"2026-03-27",3,-6,35328,NA
"2026-03-27",3,-6,30780,NA
"2026-03-27",3,-6,26543,NA
"2026-03-27",3,-6,22041,NA
"2026-03-27",3,-6,19312,NA
"2026-03-27",3,-6,18198,NA
"2026-03-27",3,-6,18666,NA
"2026-03-27",3,-6,20484,NA
"2026-03-27",3,-6,23434,NA
"2026-03-27",3,-6,27641,NA
"2026-03-27",3,-6,31140,NA
"2026-03-27",3,-6,33001,NA
"2026-03-27",3,-6,33232,NA
"2026-03-27",3,-6,33940,NA
"2026-03-27",3,-6,35421,NA
"2026-03-27",3,-6,36963,NA
"2026-03-27",3,-6,39418,NA
"2026-03-27",3,-6,41561,NA
"2026-03-27",3,-6,42003,NA
"2026-03-27",3,-6,41712,NA
"2026-03-27",3,-6,40499,NA
"2026-03-28",7,-13,40744,36842
"2026-03-28",7,-13,42632,NA
"2026-03-28",7,-13,42902,NA
"2026-03-28",7,-13,42174,NA
"2026-03-28",7,-13,38657,NA
"2026-03-28",7,-13,34290,NA
"2026-03-28",7,-13,29490,NA
"2026-03-28",7,-13,25633,NA
"2026-03-28",7,-13,23663,NA
"2026-03-28",7,-13,23580,NA
"2026-03-28",7,-13,25173,NA
"2026-03-28",7,-13,28307,NA
"2026-03-28",7,-13,32472,NA
"2026-03-28",7,-13,36923,NA
"2026-03-28",7,-13,39653,NA
"2026-03-28",7,-13,40654,NA
"2026-03-28",7,-13,41822,NA
"2026-03-28",7,-13,43298,NA
"2026-03-28",7,-13,44823,NA
"2026-03-28",7,-13,46764,NA
"2026-03-28",7,-13,47711,NA
"2026-03-28",7,-13,47584,NA
"2026-03-28",7,-13,46297,NA
"2026-03-28",7,-13,44033,NA
"2026-03-29",2,-4,41863,39017
"2026-03-29",2,-4,42041,NA
"2026-03-29",2,-4,42226,NA
"2026-03-29",2,-4,41990,NA
"2026-03-29",2,-4,39734,NA
"2026-03-29",2,-4,35610,NA
"2026-03-29",2,-4,31007,NA
"2026-03-29",2,-4,27343,NA
"2026-03-29",2,-4,25410,NA
"2026-03-29",2,-4,25747,NA
"2026-03-29",2,-4,27345,NA
"2026-03-29",2,-4,30958,NA
"2026-03-29",2,-4,36099,NA
"2026-03-29",2,-4,40865,NA
"2026-03-29",2,-4,43829,NA
"2026-03-29",2,-4,44698,NA
"2026-03-29",2,-4,46535,NA
"2026-03-29",2,-4,48968,NA
"2026-03-29",2,-4,51576,NA
"2026-03-29",2,-4,51987,NA
"2026-03-29",2,-4,51684,NA
"2026-03-29",2,-4,48600,NA
"2026-03-29",2,-4,44731,NA
"2026-03-29",2,-4,41840,NA
"2026-03-30",NA,-5,41079,29816
"2026-03-30",NA,-5,40879,NA
"2026-03-30",NA,-5,39332,NA
"2026-03-30",NA,-5,35260,NA
"2026-03-30",NA,-5,29631,NA
"2026-03-30",NA,-5,24986,NA
"2026-03-30",NA,-5,20792,NA
"2026-03-30",NA,-5,18138,NA
"2026-03-30",NA,-5,17457,NA
"2026-03-30",NA,-5,18048,NA
"2026-03-30",NA,-5,19604,NA
"2026-03-30",NA,-5,22588,NA
"2026-03-30",NA,-5,26669,NA
"2026-03-30",NA,-5,30115,NA
"2026-03-30",NA,-5,31429,NA
"2026-03-30",NA,-5,31888,NA
"2026-03-30",NA,-5,34221,NA
"2026-03-30",NA,-5,36365,NA
"2026-03-30",NA,-5,38621,NA
"2026-03-30",NA,-5,39008,NA
"2026-03-30",NA,-5,38497,NA
"2026-03-30",NA,-5,36144,NA
"2026-03-30",NA,-5,33946,NA
"2026-03-30",NA,-5,35091,NA
"2026-03-31",3,-2,36704,27591
"2026-03-31",3,-2,36853,NA
"2026-03-31",3,-2,36224,NA
"2026-03-31",3,-2,32775,NA
"2026-03-31",3,-2,27899,NA
"2026-03-31",3,-2,23649,NA
"2026-03-31",3,-2,19615,NA
"2026-03-31",3,-2,17243,NA
"2026-03-31",3,-2,16361,NA
"2026-03-31",3,-2,16789,NA
"2026-03-31",3,-2,18294,NA
"2026-03-31",3,-2,21477,NA
"2026-03-31",3,-2,25069,NA
"2026-03-31",3,-2,28283,NA
"2026-03-31",3,-2,29932,NA
"2026-03-31",3,-2,30336,NA
"2026-03-31",3,-2,31778,NA
"2026-03-31",3,-2,34357,NA
"2026-03-31",3,-2,35849,NA
"2026-03-31",3,-2,36063,NA
"2026-03-31",3,-2,34908,NA
"2026-03-31",3,-2,33196,NA
"2026-03-31",3,-2,32118,NA
"2026-03-31",3,-2,32495,NA
"2026-04-01",3,-4,33383,27099
"2026-04-01",3,-4,33709,NA
"2026-04-01",3,-4,33242,NA
"2026-04-01",3,-4,31000,NA
"2026-04-01",3,-4,26501,NA
"2026-04-01",3,-4,22489,NA
"2026-04-01",3,-4,18926,NA
"2026-04-01",3,-4,16512,NA
"2026-04-01",3,-4,15843,NA
"2026-04-01",3,-4,16342,NA
"2026-04-01",3,-4,17592,NA
"2026-04-01",3,-4,20287,NA
"2026-04-01",3,-4,23761,NA
"2026-04-01",3,-4,26885,NA
"2026-04-01",3,-4,28127,NA
"2026-04-01",3,-4,28966,NA
"2026-04-01",3,-4,30680,NA
"2026-04-01",3,-4,33575,NA
"2026-04-01",3,-4,36825,NA
"2026-04-01",3,-4,37602,NA
"2026-04-01",3,-4,37361,NA
"2026-04-01",3,-4,35432,NA
"2026-04-01",3,-4,33239,NA
"2026-04-01",3,-4,34339,NA
"2026-04-02",5,-3,35901,29682
"2026-04-02",5,-3,36144,NA
"2026-04-02",5,-3,35796,NA
"2026-04-02",5,-3,33200,NA
"2026-04-02",5,-3,29215,NA
"2026-04-02",5,-3,25310,NA
"2026-04-02",5,-3,21193,NA
"2026-04-02",5,-3,18821,NA
"2026-04-02",5,-3,17693,NA
"2026-04-02",5,-3,18222,NA
"2026-04-02",5,-3,19880,NA
"2026-04-02",5,-3,22895,NA
"2026-04-02",5,-3,27059,NA
"2026-04-02",5,-3,30631,NA
"2026-04-02",5,-3,31712,NA
"2026-04-02",5,-3,32015,NA
"2026-04-02",5,-3,31529,NA
"2026-04-02",5,-3,31305,NA
"2026-04-02",5,-3,37813,NA
"2026-04-02",5,-3,41471,NA
"2026-04-02",5,-3,42674,NA
"2026-04-02",5,-3,42536,NA
"2026-04-02",5,-3,41296,NA
"2026-04-02",5,-3,40767,NA
"2026-04-03",6,-8,41556,40117
"2026-04-03",6,-8,43457,NA
"2026-04-03",6,-8,43761,NA
"2026-04-03",6,-8,43207,NA
"2026-04-03",6,-8,39630,NA
"2026-04-03",6,-8,35213,NA
"2026-04-03",6,-8,30102,NA
"2026-04-03",6,-8,26568,NA
"2026-04-03",6,-8,24978,NA
"2026-04-03",6,-8,25557,NA
"2026-04-03",6,-8,28001,NA
"2026-04-03",6,-8,32122,NA
"2026-04-03",6,-8,37014,NA
"2026-04-03",6,-8,37877,NA
"2026-04-03",6,-8,38853,NA
"2026-04-03",6,-8,39655,NA
"2026-04-03",6,-8,40384,NA
"2026-04-03",6,-8,41207,NA
"2026-04-03",6,-8,41992,NA
"2026-04-03",6,-8,42699,NA
"2026-04-03",6,-8,43281,NA
"2026-04-03",6,-8,44014,NA
"2026-04-03",6,-8,44522,NA
"2026-04-03",6,-8,44942,NA
"2026-04-03",6,-8,45412,NA
"2026-04-03",6,-8,45536,NA
"2026-04-03",6,-8,45835,NA
"2026-04-03",6,-8,46111,NA
"2026-04-03",6,-8,46333,NA
"2026-04-03",6,-8,46506,NA
"2026-04-03",6,-8,46638,NA
"2026-04-03",6,-8,46956,NA
"2026-04-03",6,-8,47077,NA
"2026-04-03",6,-8,47264,NA
"2026-04-03",6,-8,47429,NA
"2026-04-03",6,-8,47676,NA
"2026-04-03",6,-8,47873,NA
"2026-04-03",6,-8,47918,NA
"2026-04-03",6,-8,48203,NA
"2026-04-03",6,-8,48502,NA
"2026-04-03",6,-8,48830,NA
"2026-04-03",6,-8,49244,NA
"2026-04-03",6,-8,49574,NA
"2026-04-03",6,-8,50030,NA
"2026-04-03",6,-8,50307,NA
"2026-04-03",6,-8,50646,NA
"2026-04-03",6,-8,50976,NA
"2026-04-03",6,-8,51613,NA
"2026-04-03",6,-8,52008,NA
"2026-04-03",6,-8,52391,NA
"2026-04-03",6,-8,52773,NA
"2026-04-03",6,-8,53186,NA
"2026-04-03",6,-8,53346,NA
"2026-04-03",6,-8,53573,NA
"2026-04-03",6,-8,53571,NA
"2026-04-03",6,-8,53681,NA
"2026-04-03",6,-8,53617,NA
"2026-04-03",6,-8,53653,NA
"2026-04-03",6,-8,53542,NA
"2026-04-03",6,-8,53455,NA
"2026-04-03",6,-8,53084,NA
"2026-04-03",6,-8,52673,NA
"2026-04-03",6,-8,52168,NA
"2026-04-03",6,-8,51569,NA
"2026-04-03",6,-8,51078,NA
"2026-04-03",6,-8,50434,NA
"2026-04-03",6,-8,50017,NA
"2026-04-03",6,-8,49409,NA
"2026-04-03",6,-8,48707,NA
"2026-04-03",6,-8,48200,NA
"2026-04-03",6,-8,47820,NA
"2026-04-03",6,-8,47308,NA
"2026-04-03",6,-8,46833,NA
"2026-04-03",6,-8,46307,NA
"2026-04-03",6,-8,45785,NA
"2026-04-03",6,-8,45478,NA
"2026-04-03",6,-8,45320,NA
"2026-04-03",6,-8,45235,NA
"2026-04-03",6,-8,45139,NA
"2026-04-04",6,-7,44973,41877
"2026-04-04",6,-7,44788,NA
"2026-04-04",6,-7,45020,NA
"2026-04-04",6,-7,45200,NA
"2026-04-04",6,-7,45570,NA
"2026-04-04",6,-7,45717,NA
"2026-04-04",6,-7,45963,NA
"2026-04-04",6,-7,46070,NA
"2026-04-04",6,-7,46505,NA
"2026-04-04",6,-7,46679,NA
"2026-04-04",6,-7,47001,NA
"2026-04-04",6,-7,47266,NA
"2026-04-04",6,-7,47279,NA
"2026-04-04",6,-7,47512,NA
"2026-04-04",6,-7,47719,NA
"2026-04-04",6,-7,47798,NA
"2026-04-04",6,-7,47702,NA
"2026-04-04",6,-7,47513,NA
"2026-04-04",6,-7,47239,NA
"2026-04-04",6,-7,46967,NA
"2026-04-04",6,-7,46555,NA
"2026-04-04",6,-7,46205,NA
"2026-04-04",6,-7,45437,NA
"2026-04-04",6,-7,44736,NA
"2026-04-04",6,-7,43893,NA
"2026-04-04",6,-7,43007,NA
"2026-04-04",6,-7,42201,NA
"2026-04-04",6,-7,41414,NA
"2026-04-04",6,-7,40679,NA
"2026-04-04",6,-7,39909,NA
"2026-04-04",6,-7,39128,NA
"2026-04-04",6,-7,38248,NA
"2026-04-04",6,-7,37396,NA
"2026-04-04",6,-7,36627,NA
"2026-04-04",6,-7,35851,NA
"2026-04-04",6,-7,35127,NA
"2026-04-04",6,-7,34479,NA
"2026-04-04",6,-7,33601,NA
"2026-04-04",6,-7,33042,NA
"2026-04-04",6,-7,32621,NA
"2026-04-04",6,-7,31933,NA
"2026-04-04",6,-7,31414,NA
"2026-04-04",6,-7,30791,NA
"2026-04-04",6,-7,30370,NA
"2026-04-04",6,-7,29951,NA
"2026-04-04",6,-7,29612,NA
"2026-04-04",6,-7,29317,NA
"2026-04-04",6,-7,29139,NA
"2026-04-04",6,-7,28925,NA
"2026-04-04",6,-7,28756,NA
"2026-04-04",6,-7,28602,NA
"2026-04-04",6,-7,28605,NA
"2026-04-04",6,-7,28535,NA
"2026-04-04",6,-7,28447,NA
"2026-04-04",6,-7,28411,NA
"2026-04-04",6,-7,28381,NA
"2026-04-04",6,-7,28571,NA
"2026-04-04",6,-7,28585,NA
"2026-04-04",6,-7,28585,NA
"2026-04-04",6,-7,28651,NA
"2026-04-04",6,-7,28750,NA
"2026-04-04",6,-7,28667,NA
"2026-04-04",6,-7,29008,NA
"2026-04-04",6,-7,29222,NA
"2026-04-04",6,-7,29630,NA
"2026-04-04",6,-7,30062,NA
"2026-04-04",6,-7,30774,NA
"2026-04-04",6,-7,31227,NA
"2026-04-04",6,-7,31747,NA
"2026-04-04",6,-7,32279,NA
"2026-04-04",6,-7,32871,NA
"2026-04-04",6,-7,33566,NA
"2026-04-04",6,-7,34195,NA
"2026-04-04",6,-7,34941,NA
"2026-04-04",6,-7,35762,NA
"2026-04-04",6,-7,36497,NA
"2026-04-04",6,-7,37457,NA
"2026-04-04",6,-7,38266,NA
"2026-04-04",6,-7,39105,NA
"2026-04-04",6,-7,39929,NA
"2026-04-04",6,-7,40757,NA
"2026-04-04",6,-7,41218,NA
"2026-04-04",6,-7,42074,NA
"2026-04-04",6,-7,42898,NA
"2026-04-04",6,-7,43502,NA
"2026-04-04",6,-7,44058,NA
"2026-04-04",6,-7,44505,NA
"2026-04-04",6,-7,44947,NA
"2026-04-04",6,-7,45376,NA
"2026-04-04",6,-7,45722,NA
"2026-04-04",6,-7,45969,NA
"2026-04-04",6,-7,46217,NA
"2026-04-04",6,-7,46507,NA
"2026-04-04",6,-7,46224,NA
"2026-04-04",6,-7,46394,NA
"2026-04-04",6,-7,46437,NA
"2026-04-04",6,-7,46725,NA
"2026-04-04",6,-7,46790,NA
"2026-04-04",6,-7,46958,NA
"2026-04-04",6,-7,46997,NA
"2026-04-04",6,-7,47305,NA
"2026-04-04",6,-7,47514,NA
"2026-04-04",6,-7,47709,NA
"2026-04-04",6,-7,48070,NA
"2026-04-04",6,-7,48506,NA
"2026-04-04",6,-7,48743,NA
"2026-04-04",6,-7,49274,NA
"2026-04-04",6,-7,49569,NA
"2026-04-04",6,-7,50119,NA
"2026-04-04",6,-7,50267,NA
"2026-04-04",6,-7,50748,NA
"2026-04-04",6,-7,51122,NA
"2026-04-04",6,-7,51527,NA
"2026-04-04",6,-7,51659,NA
"2026-04-04",6,-7,51751,NA
"2026-04-04",6,-7,52002,NA
"2026-04-04",6,-7,52366,NA
"2026-04-04",6,-7,52488,NA
"2026-04-04",6,-7,52812,NA
"2026-04-04",6,-7,52757,NA
"2026-04-04",6,-7,52786,NA
"2026-04-04",6,-7,52797,NA
"2026-04-04",6,-7,52603,NA
"2026-04-04",6,-7,52266,NA
"2026-04-04",6,-7,52063,NA
"2026-04-04",6,-7,51823,NA
"2026-04-04",6,-7,51302,NA
"2026-04-04",6,-7,51004,NA
"2026-04-04",6,-7,50772,NA
"2026-04-04",6,-7,50300,NA
"2026-04-04",6,-7,49878,NA
"2026-04-04",6,-7,49343,NA
"2026-04-04",6,-7,48788,NA
"2026-04-04",6,-7,48232,NA
"2026-04-04",6,-7,47717,NA
"2026-04-04",6,-7,47031,NA
"2026-04-04",6,-7,46561,NA
"2026-04-04",6,-7,45947,NA
"2026-04-04",6,-7,45258,NA
"2026-04-04",6,-7,44877,NA
"2026-04-04",6,-7,44461,NA
"2026-04-04",6,-7,44293,NA
"2026-04-04",6,-7,43995,NA
"2026-04-04",6,-7,43873,NA
"2026-04-05",5,-10,43612,42775
"2026-04-05",5,-10,43477,NA
"2026-04-05",5,-10,43483,NA
"2026-04-05",5,-10,43507,NA
"2026-04-05",5,-10,43658,NA
"2026-04-05",5,-10,43859,NA
"2026-04-05",5,-10,44059,NA
"2026-04-05",5,-10,44238,NA
"2026-04-05",5,-10,44469,NA
"2026-04-05",5,-10,44624,NA
"2026-04-05",5,-10,44800,NA
"2026-04-05",5,-10,44900,NA
"2026-04-05",5,-10,45274,NA
"2026-04-05",5,-10,45467,NA
"2026-04-05",5,-10,45640,NA
"2026-04-05",5,-10,45690,NA
"2026-04-05",5,-10,45804,NA
"2026-04-05",5,-10,45807,NA
"2026-04-05",5,-10,45568,NA
"2026-04-05",5,-10,45341,NA
"2026-04-05",5,-10,45086,NA
"2026-04-05",5,-10,44663,NA
"2026-04-05",5,-10,44035,NA
"2026-04-05",5,-10,43660,NA
"2026-04-05",5,-10,42977,NA
"2026-04-05",5,-10,42220,NA
"2026-04-05",5,-10,41452,NA
"2026-04-05",5,-10,40873,NA
"2026-04-05",5,-10,40194,NA
"2026-04-05",5,-10,39532,NA
"2026-04-05",5,-10,38787,NA
"2026-04-05",5,-10,38121,NA
"2026-04-05",5,-10,37445,NA
"2026-04-05",5,-10,36711,NA
"2026-04-05",5,-10,35967,NA
"2026-04-05",5,-10,35289,NA
"2026-04-05",5,-10,34623,NA
"2026-04-05",5,-10,33949,NA
"2026-04-05",5,-10,33326,NA
"2026-04-05",5,-10,32748,NA
"2026-04-05",5,-10,32188,NA
"2026-04-05",5,-10,31710,NA
"2026-04-05",5,-10,31269,NA
"2026-04-05",5,-10,30835,NA
"2026-04-05",5,-10,30414,NA
"2026-04-05",5,-10,30167,NA
"2026-04-05",5,-10,29952,NA
"2026-04-05",5,-10,29728,NA
"2026-04-05",5,-10,29378,NA
"2026-04-05",5,-10,29293,NA
"2026-04-05",5,-10,29273,NA
"2026-04-05",5,-10,29257,NA
"2026-04-05",5,-10,29261,NA
"2026-04-05",5,-10,29200,NA
"2026-04-05",5,-10,29182,NA
"2026-04-05",5,-10,29048,NA
"2026-04-05",5,-10,29118,NA
"2026-04-05",5,-10,29167,NA
"2026-04-05",5,-10,29131,NA
"2026-04-05",5,-10,29081,NA
"2026-04-05",5,-10,29013,NA
"2026-04-05",5,-10,29059,NA
"2026-04-05",5,-10,29244,NA
"2026-04-05",5,-10,29485,NA
"2026-04-05",5,-10,29683,NA
"2026-04-05",5,-10,30068,NA
"2026-04-05",5,-10,30580,NA
"2026-04-05",5,-10,30997,NA
"2026-04-05",5,-10,31637,NA
"2026-04-05",5,-10,32200,NA
"2026-04-05",5,-10,33026,NA
"2026-04-05",5,-10,33808,NA
"2026-04-05",5,-10,34578,NA
"2026-04-05",5,-10,35349,NA
"2026-04-05",5,-10,36228,NA
"2026-04-05",5,-10,37139,NA
"2026-04-05",5,-10,38045,NA
"2026-04-05",5,-10,38806,NA
"2026-04-05",5,-10,39528,NA
"2026-04-05",5,-10,40334,NA
"2026-04-05",5,-10,41186,NA
"2026-04-05",5,-10,42033,NA
"2026-04-05",5,-10,42870,NA
"2026-04-05",5,-10,43457,NA
"2026-04-05",5,-10,44062,NA
"2026-04-05",5,-10,44618,NA
"2026-04-05",5,-10,45056,NA
"2026-04-05",5,-10,45401,NA
"2026-04-05",5,-10,46040,NA
"2026-04-05",5,-10,46149,NA
"2026-04-05",5,-10,46431,NA
"2026-04-05",5,-10,46738,NA
"2026-04-05",5,-10,46787,NA
"2026-04-05",5,-10,46971,NA
"2026-04-05",5,-10,47580,NA
"2026-04-05",5,-10,47690,NA
"2026-04-05",5,-10,47830,NA
"2026-04-05",5,-10,47914,NA
"2026-04-05",5,-10,48332,NA
"2026-04-05",5,-10,48630,NA
"2026-04-05",5,-10,49012,NA
"2026-04-05",5,-10,49342,NA
"2026-04-05",5,-10,49683,NA
"2026-04-05",5,-10,49949,NA
"2026-04-05",5,-10,50607,NA
"2026-04-05",5,-10,51123,NA
"2026-04-05",5,-10,51655,NA
"2026-04-05",5,-10,52131,NA
"2026-04-05",5,-10,52617,NA
"2026-04-05",5,-10,52949,NA
"2026-04-05",5,-10,53466,NA
"2026-04-05",5,-10,53928,NA
"2026-04-05",5,-10,54361,NA
"2026-04-05",5,-10,54633,NA
"2026-04-05",5,-10,55035,NA
"2026-04-05",5,-10,55493,NA
"2026-04-05",5,-10,56015,NA
"2026-04-05",5,-10,56411,NA
"2026-04-05",5,-10,56476,NA
"2026-04-05",5,-10,56591,NA
"2026-04-05",5,-10,56588,NA
"2026-04-05",5,-10,56618,NA
"2026-04-05",5,-10,56600,NA
"2026-04-05",5,-10,56322,NA
"2026-04-05",5,-10,56086,NA
"2026-04-05",5,-10,55843,NA
"2026-04-05",5,-10,55281,NA
"2026-04-05",5,-10,54767,NA
"2026-04-05",5,-10,54208,NA
"2026-04-05",5,-10,53600,NA
"2026-04-05",5,-10,53159,NA
"2026-04-05",5,-10,52670,NA
"2026-04-05",5,-10,52248,NA
"2026-04-05",5,-10,51683,NA
"2026-04-05",5,-10,50999,NA
"2026-04-05",5,-10,50390,NA
"2026-04-05",5,-10,50036,NA
"2026-04-05",5,-10,49475,NA
"2026-04-05",5,-10,49080,NA
"2026-04-05",5,-10,48935,NA
"2026-04-05",5,-10,48585,NA
"2026-04-05",5,-10,47970,NA
"2026-04-05",5,-10,47864,NA
"2026-04-05",5,-10,47554,NA
"2026-04-06",NA,-7,47266,36359
"2026-04-06",NA,-7,47084,NA
"2026-04-06",NA,-7,46858,NA
"2026-04-06",NA,-7,46763,NA
"2026-04-06",NA,-7,46754,NA
"2026-04-06",NA,-7,46861,NA
"2026-04-06",NA,-7,46941,NA
"2026-04-06",NA,-7,46865,NA
"2026-04-06",NA,-7,46480,NA
"2026-04-06",NA,-7,46232,NA
"2026-04-06",NA,-7,46147,NA
"2026-04-06",NA,-7,45911,NA
"2026-04-06",NA,-7,45465,NA
"2026-04-06",NA,-7,45074,NA
"2026-04-06",NA,-7,44353,NA
"2026-04-06",NA,-7,43784,NA
"2026-04-06",NA,-7,43264,NA
"2026-04-06",NA,-7,42679,NA
"2026-04-06",NA,-7,42044,NA
"2026-04-06",NA,-7,41201,NA
"2026-04-06",NA,-7,40173,NA
"2026-04-06",NA,-7,39382,NA
"2026-04-06",NA,-7,38218,NA
"2026-04-06",NA,-7,37419,NA
"2026-04-06",NA,-7,36646,NA
"2026-04-06",NA,-7,35521,NA
"2026-04-06",NA,-7,34516,NA
"2026-04-06",NA,-7,33719,NA
"2026-04-06",NA,-7,32803,NA
"2026-04-06",NA,-7,32058,NA
"2026-04-06",NA,-7,31231,NA
"2026-04-06",NA,-7,30436,NA
"2026-04-06",NA,-7,29745,NA
"2026-04-06",NA,-7,29188,NA
"2026-04-06",NA,-7,28599,NA
"2026-04-06",NA,-7,28214,NA
"2026-04-06",NA,-7,27785,NA
"2026-04-06",NA,-7,27318,NA
"2026-04-06",NA,-7,26833,NA
"2026-04-06",NA,-7,26473,NA
"2026-04-06",NA,-7,26133,NA
"2026-04-06",NA,-7,26029,NA
"2026-04-06",NA,-7,25731,NA
"2026-04-06",NA,-7,25467,NA
"2026-04-06",NA,-7,25323,NA
"2026-04-06",NA,-7,25198,NA
"2026-04-06",NA,-7,25131,NA
"2026-04-06",NA,-7,25063,NA
"2026-04-06",NA,-7,25057,NA
"2026-04-06",NA,-7,25098,NA
"2026-04-06",NA,-7,25190,NA
"2026-04-06",NA,-7,25307,NA
"2026-04-06",NA,-7,25476,NA
"2026-04-06",NA,-7,25673,NA
"2026-04-06",NA,-7,25800,NA
"2026-04-06",NA,-7,25937,NA
"2026-04-06",NA,-7,26086,NA
"2026-04-06",NA,-7,26319,NA
"2026-04-06",NA,-7,26530,NA
"2026-04-06",NA,-7,26590,NA
"2026-04-06",NA,-7,26633,NA
"2026-04-06",NA,-7,26766,NA
"2026-04-06",NA,-7,26873,NA
"2026-04-06",NA,-7,27115,NA
"2026-04-06",NA,-7,27440,NA
"2026-04-06",NA,-7,27882,NA
"2026-04-06",NA,-7,28255,NA
"2026-04-06",NA,-7,28861,NA
"2026-04-06",NA,-7,29359,NA
"2026-04-06",NA,-7,30012,NA
"2026-04-06",NA,-7,30597,NA
"2026-04-06",NA,-7,31365,NA
"2026-04-06",NA,-7,32020,NA
"2026-04-06",NA,-7,32658,NA
"2026-04-06",NA,-7,33374,NA
"2026-04-06",NA,-7,34134,NA
"2026-04-06",NA,-7,35052,NA
"2026-04-06",NA,-7,35664,NA
"2026-04-06",NA,-7,36515,NA
"2026-04-06",NA,-7,37038,NA
"2026-04-06",NA,-7,37836,NA
"2026-04-06",NA,-7,38369,NA
"2026-04-06",NA,-7,38806,NA
"2026-04-06",NA,-7,39237,NA
"2026-04-06",NA,-7,39642,NA
"2026-04-06",NA,-7,40008,NA
"2026-04-06",NA,-7,40199,NA
"2026-04-06",NA,-7,40377,NA
"2026-04-06",NA,-7,40611,NA
"2026-04-06",NA,-7,40714,NA
"2026-04-06",NA,-7,40731,NA
"2026-04-06",NA,-7,40561,NA
"2026-04-06",NA,-7,40539,NA
"2026-04-06",NA,-7,40594,NA
"2026-04-06",NA,-7,40601,NA
"2026-04-06",NA,-7,40649,NA
"2026-04-06",NA,-7,40640,NA
"2026-04-06",NA,-7,40488,NA
"2026-04-06",NA,-7,40577,NA
"2026-04-06",NA,-7,40718,NA
"2026-04-06",NA,-7,40894,NA
"2026-04-06",NA,-7,41046,NA
"2026-04-06",NA,-7,41074,NA
"2026-04-06",NA,-7,41166,NA
"2026-04-06",NA,-7,41355,NA
"2026-04-06",NA,-7,41580,NA
"2026-04-06",NA,-7,41825,NA
"2026-04-06",NA,-7,41938,NA
"2026-04-06",NA,-7,41976,NA
"2026-04-06",NA,-7,42312,NA
"2026-04-06",NA,-7,42552,NA
"2026-04-06",NA,-7,42740,NA
"2026-04-06",NA,-7,42850,NA
"2026-04-06",NA,-7,43089,NA
"2026-04-06",NA,-7,43157,NA
"2026-04-06",NA,-7,43190,NA
"2026-04-06",NA,-7,43172,NA
"2026-04-06",NA,-7,43033,NA
"2026-04-06",NA,-7,42938,NA
"2026-04-06",NA,-7,42744,NA
"2026-04-06",NA,-7,42163,NA
"2026-04-06",NA,-7,41684,NA
"2026-04-06",NA,-7,41307,NA
"2026-04-06",NA,-7,40928,NA
"2026-04-06",NA,-7,40551,NA
"2026-04-06",NA,-7,40152,NA
"2026-04-06",NA,-7,39424,NA
"2026-04-06",NA,-7,38753,NA
"2026-04-06",NA,-7,38338,NA
"2026-04-06",NA,-7,37912,NA
"2026-04-06",NA,-7,37307,NA
"2026-04-06",NA,-7,37063,NA
"2026-04-06",NA,-7,36830,NA
"2026-04-06",NA,-7,36629,NA
"2026-04-06",NA,-7,36481,NA
"2026-04-06",NA,-7,36488,NA
"2026-04-06",NA,-7,36453,NA
"2026-04-06",NA,-7,36450,NA
"2026-04-06",NA,-7,36572,NA
"2026-04-06",NA,-7,36763,NA
"2026-04-06",NA,-7,36879,NA
"2026-04-06",NA,-7,37136,NA
"2026-04-06",NA,-7,37415,NA
"2026-04-06",NA,-7,37736,NA
"2026-04-07",6,-8,37912,29832
"2026-04-07",6,-8,37991,NA
"2026-04-07",6,-8,38268,NA
"2026-04-07",6,-8,38483,NA
"2026-04-07",6,-8,38790,NA
"2026-04-07",6,-8,38910,NA
"2026-04-07",6,-8,38890,NA
"2026-04-07",6,-8,38863,NA
"2026-04-07",6,-8,38772,NA
"2026-04-07",6,-8,38800,NA
"2026-04-07",6,-8,38591,NA
"2026-04-07",6,-8,38420,NA
"2026-04-07",6,-8,38103,NA
"2026-04-07",6,-8,37854,NA
"2026-04-07",6,-8,37308,NA
"2026-04-07",6,-8,36838,NA
"2026-04-07",6,-8,36113,NA
"2026-04-07",6,-8,35699,NA
"2026-04-07",6,-8,34881,NA
"2026-04-07",6,-8,34104,NA
"2026-04-07",6,-8,33189,NA
"2026-04-07",6,-8,32381,NA
"2026-04-07",6,-8,31565,NA
"2026-04-07",6,-8,30913,NA
"2026-04-07",6,-8,30044,NA
"2026-04-07",6,-8,29153,NA
"2026-04-07",6,-8,28338,NA
"2026-04-07",6,-8,27677,NA
"2026-04-07",6,-8,26942,NA
"2026-04-07",6,-8,26353,NA
"2026-04-07",6,-8,25522,NA
"2026-04-07",6,-8,24739,NA
"2026-04-07",6,-8,23937,NA
"2026-04-07",6,-8,23246,NA
"2026-04-07",6,-8,22504,NA
"2026-04-07",6,-8,21928,NA
"2026-04-07",6,-8,21259,NA
"2026-04-07",6,-8,20621,NA
"2026-04-07",6,-8,20045,NA
"2026-04-07",6,-8,19670,NA
"2026-04-07",6,-8,19252,NA
"2026-04-07",6,-8,19148,NA
"2026-04-07",6,-8,18914,NA
"2026-04-07",6,-8,18630,NA
"2026-04-07",6,-8,18418,NA
"2026-04-07",6,-8,18356,NA
"2026-04-07",6,-8,18237,NA
"2026-04-07",6,-8,18121,NA
"2026-04-07",6,-8,18109,NA
"2026-04-07",6,-8,18060,NA
"2026-04-07",6,-8,18059,NA
"2026-04-07",6,-8,18131,NA
"2026-04-07",6,-8,18190,NA
"2026-04-07",6,-8,18319,NA
"2026-04-07",6,-8,18386,NA
"2026-04-07",6,-8,18500,NA
"2026-04-07",6,-8,18642,NA
"2026-04-07",6,-8,18827,NA
"2026-04-07",6,-8,18909,NA
"2026-04-07",6,-8,19014,NA
"2026-04-07",6,-8,19147,NA
"2026-04-07",6,-8,19418,NA
"2026-04-07",6,-8,19643,NA
"2026-04-07",6,-8,19924,NA
"2026-04-07",6,-8,20321,NA
"2026-04-07",6,-8,20397,NA
"2026-04-07",6,-8,20634,NA
"2026-04-07",6,-8,21140,NA
"2026-04-07",6,-8,21647,NA
"2026-04-07",6,-8,21904,NA
"2026-04-07",6,-8,22468,NA
"2026-04-07",6,-8,23351,NA
"2026-04-07",6,-8,24002,NA
"2026-04-07",6,-8,24610,NA
"2026-04-07",6,-8,25311,NA
"2026-04-07",6,-8,26011,NA
"2026-04-07",6,-8,26698,NA
"2026-04-07",6,-8,27416,NA
"2026-04-07",6,-8,27996,NA
"2026-04-07",6,-8,28719,NA
"2026-04-07",6,-8,29311,NA
"2026-04-07",6,-8,29833,NA
"2026-04-07",6,-8,30389,NA
"2026-04-07",6,-8,30858,NA
"2026-04-07",6,-8,31222,NA
"2026-04-07",6,-8,31394,NA
"2026-04-07",6,-8,31630,NA
"2026-04-07",6,-8,31641,NA
"2026-04-07",6,-8,31603,NA
"2026-04-07",6,-8,31612,NA
"2026-04-07",6,-8,31512,NA
"2026-04-07",6,-8,31479,NA
"2026-04-07",6,-8,31491,NA
"2026-04-07",6,-8,31678,NA
"2026-04-07",6,-8,31701,NA
"2026-04-07",6,-8,31882,NA
"2026-04-07",6,-8,32007,NA
"2026-04-07",6,-8,32107,NA
"2026-04-07",6,-8,32332,NA
"2026-04-07",6,-8,32681,NA
"2026-04-07",6,-8,33052,NA
"2026-04-07",6,-8,33484,NA
"2026-04-07",6,-8,33885,NA
"2026-04-07",6,-8,34064,NA
"2026-04-07",6,-8,34470,NA
"2026-04-07",6,-8,35137,NA
"2026-04-07",6,-8,35680,NA
"2026-04-07",6,-8,36171,NA
"2026-04-07",6,-8,36726,NA
"2026-04-07",6,-8,37262,NA
"2026-04-07",6,-8,37980,NA
"2026-04-07",6,-8,38459,NA
"2026-04-07",6,-8,38804,NA
"2026-04-07",6,-8,38974,NA
"2026-04-07",6,-8,38700,NA
"2026-04-07",6,-8,38462,NA
"2026-04-07",6,-8,38314,NA
"2026-04-07",6,-8,38131,NA
"2026-04-07",6,-8,38139,NA
"2026-04-07",6,-8,38164,NA
"2026-04-07",6,-8,38078,NA
"2026-04-07",6,-8,37611,NA
"2026-04-07",6,-8,37126,NA
"2026-04-07",6,-8,36886,NA
"2026-04-07",6,-8,36420,NA
"2026-04-07",6,-8,36158,NA
"2026-04-07",6,-8,35806,NA
"2026-04-07",6,-8,35818,NA
"2026-04-07",6,-8,35739,NA
"2026-04-07",6,-8,35667,NA
"2026-04-07",6,-8,35559,NA
"2026-04-07",6,-8,35555,NA
"2026-04-07",6,-8,28005,NA
"2026-04-07",6,-8,30205,NA
"2026-04-07",6,-8,32058,NA
"2026-04-07",6,-8,33095,NA
"2026-04-07",6,-8,33795,NA
"2026-04-07",6,-8,34204,NA
"2026-04-07",6,-8,34635,NA
"2026-04-07",6,-8,35107,NA
"2026-04-07",6,-8,35393,NA
"2026-04-07",6,-8,35659,NA
"2026-04-07",6,-8,35978,NA
"2026-04-07",6,-8,35897,NA
"2026-04-08",2,-4,36291,29752
"2026-04-08",2,-4,36636,NA
"2026-04-08",2,-4,37154,NA
"2026-04-08",2,-4,37564,NA
"2026-04-08",2,-4,37959,NA
"2026-04-08",2,-4,38345,NA
"2026-04-08",2,-4,38460,NA
"2026-04-08",2,-4,38549,NA
"2026-04-08",2,-4,38537,NA
"2026-04-08",2,-4,38496,NA
"2026-04-08",2,-4,38405,NA
"2026-04-08",2,-4,38286,NA
"2026-04-08",2,-4,37968,NA
"2026-04-08",2,-4,37555,NA
"2026-04-08",2,-4,37149,NA
"2026-04-08",2,-4,36616,NA
"2026-04-08",2,-4,36049,NA
"2026-04-08",2,-4,35608,NA
"2026-04-08",2,-4,34937,NA
"2026-04-08",2,-4,34289,NA
"2026-04-08",2,-4,33338,NA
"2026-04-08",2,-4,32548,NA
"2026-04-08",2,-4,31626,NA
"2026-04-08",2,-4,30875,NA
"2026-04-08",2,-4,30181,NA
"2026-04-08",2,-4,29382,NA
"2026-04-08",2,-4,28564,NA
"2026-04-08",2,-4,27876,NA
"2026-04-08",2,-4,27263,NA
"2026-04-08",2,-4,26672,NA
"2026-04-08",2,-4,25864,NA
"2026-04-08",2,-4,25180,NA
"2026-04-08",2,-4,24402,NA
"2026-04-08",2,-4,23846,NA
"2026-04-08",2,-4,23074,NA
"2026-04-08",2,-4,22453,NA
"2026-04-08",2,-4,21792,NA
"2026-04-08",2,-4,21122,NA
"2026-04-08",2,-4,20496,NA
"2026-04-08",2,-4,20112,NA
"2026-04-08",2,-4,19625,NA
"2026-04-08",2,-4,19388,NA
"2026-04-08",2,-4,19016,NA
"2026-04-08",2,-4,18779,NA
"2026-04-08",2,-4,18451,NA
"2026-04-08",2,-4,18308,NA
"2026-04-08",2,-4,18196,NA
"2026-04-08",2,-4,18130,NA
"2026-04-08",2,-4,18009,NA
"2026-04-08",2,-4,17947,NA
"2026-04-08",2,-4,17986,NA
"2026-04-08",2,-4,18040,NA
"2026-04-08",2,-4,18033,NA
"2026-04-08",2,-4,18207,NA
"2026-04-08",2,-4,18339,NA
"2026-04-08",2,-4,18410,NA
"2026-04-08",2,-4,18507,NA
"2026-04-08",2,-4,18610,NA
"2026-04-08",2,-4,18757,NA
"2026-04-08",2,-4,18886,NA
"2026-04-08",2,-4,19117,NA
"2026-04-08",2,-4,19278,NA
"2026-04-08",2,-4,19647,NA
"2026-04-08",2,-4,19952,NA
"2026-04-08",2,-4,20321,NA
"2026-04-08",2,-4,20697,NA
"2026-04-08",2,-4,21063,NA
"2026-04-08",2,-4,21604,NA
"2026-04-08",2,-4,22135,NA
"2026-04-08",2,-4,22761,NA
"2026-04-08",2,-4,23457,NA
"2026-04-08",2,-4,24005,NA
"2026-04-08",2,-4,24661,NA
"2026-04-08",2,-4,25256,NA
"2026-04-08",2,-4,25977,NA
"2026-04-08",2,-4,26596,NA
"2026-04-08",2,-4,27304,NA
"2026-04-08",2,-4,27952,NA
"2026-04-08",2,-4,28559,NA
"2026-04-08",2,-4,29029,NA
"2026-04-08",2,-4,29655,NA
"2026-04-08",2,-4,30137,NA
"2026-04-08",2,-4,30704,NA
"2026-04-08",2,-4,31233,NA
"2026-04-08",2,-4,31500,NA
"2026-04-08",2,-4,31798,NA
"2026-04-08",2,-4,32051,NA
"2026-04-08",2,-4,32250,NA
"2026-04-08",2,-4,32355,NA
"2026-04-08",2,-4,32511,NA
"2026-04-08",2,-4,32406,NA
"2026-04-08",2,-4,32295,NA
"2026-04-08",2,-4,32090,NA
"2026-04-08",2,-4,31961,NA
"2026-04-08",2,-4,32032,NA
"2026-04-08",2,-4,32086,NA
"2026-04-08",2,-4,31927,NA
"2026-04-08",2,-4,32026,NA
"2026-04-08",2,-4,32313,NA
"2026-04-08",2,-4,32493,NA
"2026-04-08",2,-4,32756,NA
"2026-04-08",2,-4,32817,NA
"2026-04-08",2,-4,33254,NA
"2026-04-08",2,-4,33775,NA
"2026-04-08",2,-4,34181,NA
"2026-04-08",2,-4,34696,NA
"2026-04-08",2,-4,35360,NA
"2026-04-08",2,-4,35696,NA
"2026-04-08",2,-4,36073,NA
"2026-04-08",2,-4,36385,NA
"2026-04-08",2,-4,36867,NA
"2026-04-08",2,-4,37171,NA
"2026-04-08",2,-4,37478,NA
"2026-04-08",2,-4,37468,NA
"2026-04-08",2,-4,37283,NA
"2026-04-08",2,-4,37107,NA
"2026-04-08",2,-4,36858,NA
"2026-04-08",2,-4,36951,NA
"2026-04-08",2,-4,36818,NA
"2026-04-08",2,-4,36773,NA
"2026-04-08",2,-4,36548,NA
"2026-04-08",2,-4,36380,NA
"2026-04-08",2,-4,35975,NA
"2026-04-08",2,-4,35758,NA
"2026-04-08",2,-4,35407,NA
"2026-04-08",2,-4,35172,NA
"2026-04-08",2,-4,34952,NA
"2026-04-08",2,-4,35022,NA
"2026-04-08",2,-4,34813,NA
"2026-04-08",2,-4,34759,NA
"2026-04-08",2,-4,34430,NA
"2026-04-08",2,-4,34361,NA
"2026-04-08",2,-4,34048,NA
"2026-04-08",2,-4,33905,NA
"2026-04-08",2,-4,33818,NA
"2026-04-08",2,-4,33889,NA
"2026-04-08",2,-4,34037,NA
"2026-04-08",2,-4,34128,NA
"2026-04-08",2,-4,34017,NA
"2026-04-08",2,-4,34187,NA
"2026-04-08",2,-4,34453,NA
"2026-04-08",2,-4,34680,NA
"2026-04-08",2,-4,34972,NA
"2026-04-08",2,-4,35148,NA
"2026-04-09",3,-4,35398,29338
"2026-04-09",3,-4,35731,NA
"2026-04-09",3,-4,36121,NA
"2026-04-09",3,-4,36295,NA
"2026-04-09",3,-4,36565,NA
"2026-04-09",3,-4,36708,NA
"2026-04-09",3,-4,36885,NA
"2026-04-09",3,-4,36976,NA
"2026-04-09",3,-4,37055,NA
"2026-04-09",3,-4,37094,NA
"2026-04-09",3,-4,37038,NA
"2026-04-09",3,-4,37029,NA
"2026-04-09",3,-4,36802,NA
"2026-04-09",3,-4,36575,NA
"2026-04-09",3,-4,36149,NA
"2026-04-09",3,-4,35786,NA
"2026-04-09",3,-4,35447,NA
"2026-04-09",3,-4,34942,NA
"2026-04-09",3,-4,34127,NA
"2026-04-09",3,-4,33353,NA
"2026-04-09",3,-4,32620,NA
"2026-04-09",3,-4,31787,NA
"2026-04-09",3,-4,30838,NA
"2026-04-09",3,-4,30280,NA
"2026-04-09",3,-4,29475,NA
"2026-04-09",3,-4,28669,NA
"2026-04-09",3,-4,27733,NA
"2026-04-09",3,-4,27084,NA
"2026-04-09",3,-4,26359,NA
"2026-04-09",3,-4,25812,NA
"2026-04-09",3,-4,25119,NA
"2026-04-09",3,-4,24417,NA
"2026-04-09",3,-4,23651,NA
"2026-04-09",3,-4,22981,NA
"2026-04-09",3,-4,22235,NA
"2026-04-09",3,-4,21710,NA
"2026-04-09",3,-4,21041,NA
"2026-04-09",3,-4,20533,NA
"2026-04-09",3,-4,19925,NA
"2026-04-09",3,-4,19580,NA
"2026-04-09",3,-4,19168,NA
"2026-04-09",3,-4,18882,NA
"2026-04-09",3,-4,18529,NA
"2026-04-09",3,-4,18306,NA
"2026-04-09",3,-4,18029,NA
"2026-04-09",3,-4,17889,NA
"2026-04-09",3,-4,17694,NA
"2026-04-09",3,-4,17641,NA
"2026-04-09",3,-4,17523,NA
"2026-04-09",3,-4,17497,NA
"2026-04-09",3,-4,17469,NA
"2026-04-09",3,-4,17550,NA
"2026-04-09",3,-4,17762,NA
"2026-04-09",3,-4,17853,NA
"2026-04-09",3,-4,17891,NA
"2026-04-09",3,-4,17921,NA
"2026-04-09",3,-4,18136,NA
"2026-04-09",3,-4,18146,NA
"2026-04-09",3,-4,18261,NA
"2026-04-09",3,-4,18421,NA
"2026-04-09",3,-4,18532,NA
"2026-04-09",3,-4,18661,NA
"2026-04-09",3,-4,18872,NA
"2026-04-09",3,-4,19137,NA
"2026-04-09",3,-4,19524,NA
"2026-04-09",3,-4,19852,NA
"2026-04-09",3,-4,20289,NA
"2026-04-09",3,-4,20690,NA
"2026-04-09",3,-4,21279,NA
"2026-04-09",3,-4,21813,NA
"2026-04-09",3,-4,22553,NA
"2026-04-09",3,-4,23079,NA
"2026-04-09",3,-4,23712,NA
"2026-04-09",3,-4,24249,NA
"2026-04-09",3,-4,24912,NA
"2026-04-09",3,-4,25575,NA
"2026-04-09",3,-4,26309,NA
"2026-04-09",3,-4,26906,NA
"2026-04-09",3,-4,27340,NA
"2026-04-09",3,-4,27971,NA
"2026-04-09",3,-4,28770,NA
"2026-04-09",3,-4,29403,NA
"2026-04-09",3,-4,30050,NA
"2026-04-09",3,-4,30498,NA
"2026-04-09",3,-4,30656,NA
"2026-04-09",3,-4,31008,NA
"2026-04-09",3,-4,31276,NA
"2026-04-09",3,-4,31338,NA
"2026-04-09",3,-4,31399,NA
"2026-04-09",3,-4,31431,NA
"2026-04-09",3,-4,31246,NA
"2026-04-09",3,-4,30964,NA
"2026-04-09",3,-4,30979,NA
"2026-04-09",3,-4,31005,NA
"2026-04-09",3,-4,31208,NA
"2026-04-09",3,-4,31233,NA
"2026-04-09",3,-4,31392,NA
"2026-04-09",3,-4,31547,NA
"2026-04-09",3,-4,31610,NA
"2026-04-09",3,-4,31786,NA
"2026-04-09",3,-4,32179,NA
"2026-04-09",3,-4,32528,NA
"2026-04-09",3,-4,32841,NA
"2026-04-09",3,-4,32825,NA
"2026-04-09",3,-4,33040,NA
"2026-04-09",3,-4,33726,NA
"2026-04-09",3,-4,34357,NA
"2026-04-09",3,-4,35090,NA
"2026-04-09",3,-4,35526,NA
"2026-04-09",3,-4,36054,NA
"2026-04-09",3,-4,36565,NA
"2026-04-09",3,-4,36967,NA
"2026-04-09",3,-4,37423,NA
"2026-04-09",3,-4,37704,NA
"2026-04-09",3,-4,38000,NA
"2026-04-09",3,-4,38209,NA
"2026-04-09",3,-4,38306,NA
"2026-04-09",3,-4,38453,NA
"2026-04-09",3,-4,38519,NA
"2026-04-09",3,-4,38496,NA
"2026-04-09",3,-4,38376,NA
"2026-04-09",3,-4,38032,NA
"2026-04-09",3,-4,37704,NA
"2026-04-09",3,-4,37472,NA
"2026-04-09",3,-4,37357,NA
"2026-04-09",3,-4,37020,NA
"2026-04-09",3,-4,36654,NA
"2026-04-09",3,-4,36214,NA
"2026-04-09",3,-4,35711,NA
"2026-04-09",3,-4,35479,NA
"2026-04-09",3,-4,35210,NA
"2026-04-09",3,-4,35012,NA
"2026-04-09",3,-4,34663,NA
"2026-04-09",3,-4,34510,NA
"2026-04-09",3,-4,34497,NA
"2026-04-09",3,-4,34414,NA
"2026-04-09",3,-4,34352,NA
"2026-04-09",3,-4,34405,NA
"2026-04-09",3,-4,34487,NA
"2026-04-09",3,-4,34550,NA
"2026-04-09",3,-4,34773,NA
"2026-04-09",3,-4,34871,NA
"2026-04-09",3,-4,35151,NA
"2026-04-09",3,-4,35404,NA
"2026-04-10",2,-1,35538,30255
"2026-04-10",2,-1,35640,NA
"2026-04-10",2,-1,36000,NA
"2026-04-10",2,-1,36307,NA
"2026-04-10",2,-1,36546,NA
"2026-04-10",2,-1,36978,NA
"2026-04-10",2,-1,37278,30260
"2026-04-10",2,-1,37360,NA
"2026-04-10",2,-1,37437,NA
"2026-04-10",2,-1,37437,NA
"2026-04-10",2,-1,37359,NA
"2026-04-10",2,-1,37341,NA
"2026-04-10",2,-1,37228,30267
"2026-04-10",2,-1,36933,NA
"2026-04-10",2,-1,36594,NA
"2026-04-10",2,-1,36262,NA
"2026-04-10",2,-1,35813,NA
"2026-04-10",2,-1,35345,NA
"2026-04-10",2,-1,34623,30278
"2026-04-10",2,-1,33893,NA
"2026-04-10",2,-1,33098,NA
"2026-04-10",2,-1,32296,NA
"2026-04-10",2,-1,31489,NA
"2026-04-10",2,-1,30821,NA
"2026-04-10",2,-1,29923,30291
"2026-04-10",2,-1,29156,NA
"2026-04-10",2,-1,28316,NA
"2026-04-10",2,-1,27609,NA
"2026-04-10",2,-1,26941,NA
"2026-04-10",2,-1,26418,NA
"2026-04-10",2,-1,25605,30312
"2026-04-10",2,-1,24870,NA
"2026-04-10",2,-1,24112,NA
"2026-04-10",2,-1,23581,NA
"2026-04-10",2,-1,22951,NA
"2026-04-10",2,-1,22330,NA
"2026-04-10",2,-1,21714,30346
"2026-04-10",2,-1,21197,NA
"2026-04-10",2,-1,20696,NA
"2026-04-10",2,-1,20256,NA
"2026-04-10",2,-1,19802,NA
"2026-04-10",2,-1,19428,NA
"2026-04-10",2,-1,19123,30382
"2026-04-10",2,-1,18799,NA
"2026-04-10",2,-1,18551,NA
"2026-04-10",2,-1,18402,NA
"2026-04-10",2,-1,18255,NA
"2026-04-10",2,-1,18247,NA
"2026-04-10",2,-1,18239,30414
"2026-04-10",2,-1,18111,NA
"2026-04-10",2,-1,18010,NA
"2026-04-10",2,-1,17965,NA
"2026-04-10",2,-1,17973,NA
"2026-04-10",2,-1,18045,NA
"2026-04-10",2,-1,18076,30451
"2026-04-10",2,-1,18161,NA
"2026-04-10",2,-1,18241,NA
"2026-04-10",2,-1,18454,NA
"2026-04-10",2,-1,18641,NA
"2026-04-10",2,-1,18913,NA
"2026-04-10",2,-1,19032,30508
"2026-04-10",2,-1,19388,NA
"2026-04-10",2,-1,19593,NA
"2026-04-10",2,-1,19989,NA
"2026-04-10",2,-1,20487,NA
"2026-04-10",2,-1,20849,NA
"2026-04-10",2,-1,21395,30590
"2026-04-10",2,-1,22301,NA
"2026-04-10",2,-1,22939,NA
"2026-04-10",2,-1,23570,NA
"2026-04-10",2,-1,24199,NA
"2026-04-10",2,-1,24746,NA
"2026-04-10",2,-1,25227,30664
"2026-04-10",2,-1,25504,NA
"2026-04-10",2,-1,26205,NA
"2026-04-10",2,-1,26936,NA
"2026-04-10",2,-1,27785,NA
"2026-04-10",2,-1,28496,NA
"2026-04-10",2,-1,29085,30707
"2026-04-10",2,-1,29824,NA
"2026-04-10",2,-1,30496,NA
"2026-04-10",2,-1,31123,NA
"2026-04-10",2,-1,31448,30707
